{
  "IcoMoonType": "selection",
  "icons": [
    {
      "icon": {
        "paths": [
          "M896 0h-768c-17.664 0-32 14.336-32 32v192c0 17.664 14.336 32 32 32h32c17.664 0 32-14.336 32-32l64-96h192v768l-160 64c-17.664 0-32 14.304-32 32s14.336 32 32 32h448c17.696 0 32-14.304 32-32s-14.304-32-32-32l-160-64v-768h192l64 96c0 17.664 14.304 32 32 32h32c17.696 0 32-14.336 32-32v-192c0-17.664-14.304-32-32-32z"
        ],
        "attrs": [
          {}
        ],
        "isMulticolor": false,
        "isMulticolor2": false,
        "tags": [
          "type",
          "typography",
          "text",
          "font"
        ],
        "grid": 16
      },
      "attrs": [
        {}
      ],
      "properties": {
        "order": 1,
        "id": 0,
        "prevSize": 32,
        "code": 59649,
        "name": "text"
      },
      "setIdx": 0,
      "setId": 3,
      "iconIdx": 0
    },
    {
      "icon": {
        "paths": [
          "M864 0c88.364 0 160 71.634 160 160 0 36.020-11.91 69.258-32 96l-64 64-224-224 64-64c26.742-20.090 59.978-32 96-32zM64 736l-64 288 288-64 592-592-224-224-592 592zM715.578 363.578l-448 448-55.156-55.156 448-448 55.156 55.156z"
        ],
        "tags": [
          "pencil",
          "write",
          "edit"
        ],
        "defaultCode": 59653,
        "grid": 16,
        "attrs": []
      },
      "attrs": [],
      "properties": {
        "ligatures": "pencil, write",
        "name": "pencil",
        "order": 3,
        "id": 6,
        "prevSize": 32,
        "code": 59653
      },
      "setIdx": 2,
      "setId": 1,
      "iconIdx": 5
    },
    {
      "icon": {
        "paths": [
          "M959.884 128c0.040 0.034 0.082 0.076 0.116 0.116v767.77c-0.034 0.040-0.076 0.082-0.116 0.116h-895.77c-0.040-0.034-0.082-0.076-0.114-0.116v-767.772c0.034-0.040 0.076-0.082 0.114-0.114h895.77zM960 64h-896c-35.2 0-64 28.8-64 64v768c0 35.2 28.8 64 64 64h896c35.2 0 64-28.8 64-64v-768c0-35.2-28.8-64-64-64v0z",
          "M832 288c0 53.020-42.98 96-96 96s-96-42.98-96-96 42.98-96 96-96 96 42.98 96 96z",
          "M896 832h-768v-128l224-384 256 320h64l224-192z"
        ],
        "tags": [
          "image",
          "picture",
          "photo",
          "graphic"
        ],
        "defaultCode": 59661,
        "grid": 16,
        "attrs": []
      },
      "attrs": [],
      "properties": {
        "ligatures": "image, picture",
        "name": "image",
        "order": 2,
        "id": 14,
        "prevSize": 32,
        "code": 59661
      },
      "setIdx": 2,
      "setId": 1,
      "iconIdx": 13
    },
    {
      "icon": {
        "paths": [
          "M896 0h-896v1024h1024v-896l-128-128zM512 128h128v256h-128v-256zM896 896h-768v-768h64v320h576v-320h74.978l53.022 53.018v714.982z"
        ],
        "tags": [
          "floppy-disk",
          "save"
        ],
        "defaultCode": 59746,
        "grid": 16,
        "attrs": []
      },
      "attrs": [],
      "properties": {
        "ligatures": "floppy-disk, save2",
        "name": "save",
        "order": 4,
        "id": 99,
        "prevSize": 32,
        "code": 59746
      },
      "setIdx": 2,
      "setId": 1,
      "iconIdx": 98
    },
    {
      "icon": {
        "paths": [
          "M761.862 1024c113.726-206.032 132.888-520.306-313.862-509.824v253.824l-384-384 384-384v248.372c534.962-13.942 594.57 472.214 313.862 775.628z"
        ],
        "tags": [
          "undo",
          "left",
          "arrow-left"
        ],
        "defaultCode": 59751,
        "grid": 16,
        "attrs": []
      },
      "attrs": [],
      "properties": {
        "ligatures": "undo2, left",
        "name": "undo",
        "order": 20,
        "id": 104,
        "prevSize": 32,
        "code": 59751
      },
      "setIdx": 2,
      "setId": 1,
      "iconIdx": 103
    },
    {
      "icon": {
        "paths": [
          "M576 248.372v-248.372l384 384-384 384v-253.824c-446.75-10.482-427.588 303.792-313.86 509.824-280.712-303.414-221.1-789.57 313.86-775.628z"
        ],
        "tags": [
          "redo",
          "right",
          "arrow-right"
        ],
        "defaultCode": 59752,
        "grid": 16,
        "attrs": []
      },
      "attrs": [],
      "properties": {
        "ligatures": "redo2, right",
        "name": "redo",
        "order": 21,
        "id": 105,
        "prevSize": 32,
        "code": 59752
      },
      "setIdx": 2,
      "setId": 1,
      "iconIdx": 104
    },
    {
      "icon": {
        "paths": [
          "M512 256c-141.384 0-256 114.616-256 256s114.616 256 256 256 256-114.616 256-256-114.616-256-256-256zM512 672v-320c88.224 0 160 71.776 160 160s-71.776 160-160 160zM512 832c35.346 0 64 28.654 64 64v64c0 35.346-28.654 64-64 64s-64-28.654-64-64v-64c0-35.346 28.654-64 64-64zM512 192c-35.346 0-64-28.654-64-64v-64c0-35.346 28.654-64 64-64s64 28.654 64 64v64c0 35.346-28.654 64-64 64zM960 448c35.346 0 64 28.654 64 64s-28.654 64-64 64h-64c-35.346 0-64-28.654-64-64s28.654-64 64-64h64zM192 512c0 35.346-28.654 64-64 64h-64c-35.346 0-64-28.654-64-64s28.654-64 64-64h64c35.346 0 64 28.654 64 64zM828.784 738.274l45.256 45.256c24.992 24.992 24.992 65.516 0 90.51-24.994 24.992-65.518 24.992-90.51 0l-45.256-45.256c-24.992-24.992-24.992-65.516 0-90.51 24.994-24.992 65.518-24.992 90.51 0zM195.216 285.726l-45.256-45.256c-24.994-24.994-24.994-65.516 0-90.51s65.516-24.994 90.51 0l45.256 45.256c24.994 24.994 24.994 65.516 0 90.51s-65.516 24.994-90.51 0zM828.784 285.726c-24.992 24.992-65.516 24.992-90.51 0-24.992-24.994-24.992-65.516 0-90.51l45.256-45.254c24.992-24.994 65.516-24.994 90.51 0 24.992 24.994 24.992 65.516 0 90.51l-45.256 45.254zM195.216 738.274c24.992-24.992 65.516-24.992 90.508 0 24.994 24.994 24.994 65.518 0 90.51l-45.254 45.256c-24.994 24.992-65.516 24.992-90.51 0-24.994-24.994-24.994-65.518 0-90.51l45.256-45.256z"
        ],
        "tags": [
          "brightness-contrast"
        ],
        "defaultCode": 59862,
        "grid": 16,
        "attrs": []
      },
      "attrs": [],
      "properties": {
        "ligatures": "brightness-contrast",
        "name": "brightness-contrast",
        "order": 5,
        "id": 215,
        "prevSize": 32,
        "code": 59862
      },
      "setIdx": 2,
      "setId": 1,
      "iconIdx": 214
    },
    {
      "icon": {
        "paths": [
          "M1014.662 822.66c-0.004-0.004-0.008-0.008-0.012-0.010l-310.644-310.65 310.644-310.65c0.004-0.004 0.008-0.006 0.012-0.010 3.344-3.346 5.762-7.254 7.312-11.416 4.246-11.376 1.824-24.682-7.324-33.83l-146.746-146.746c-9.148-9.146-22.45-11.566-33.828-7.32-4.16 1.55-8.070 3.968-11.418 7.31 0 0.004-0.004 0.006-0.008 0.010l-310.648 310.652-310.648-310.65c-0.004-0.004-0.006-0.006-0.010-0.010-3.346-3.342-7.254-5.76-11.414-7.31-11.38-4.248-24.682-1.826-33.83 7.32l-146.748 146.748c-9.148 9.148-11.568 22.452-7.322 33.828 1.552 4.16 3.97 8.072 7.312 11.416 0.004 0.002 0.006 0.006 0.010 0.010l310.65 310.648-310.65 310.652c-0.002 0.004-0.006 0.006-0.008 0.010-3.342 3.346-5.76 7.254-7.314 11.414-4.248 11.376-1.826 24.682 7.322 33.83l146.748 146.746c9.15 9.148 22.452 11.568 33.83 7.322 4.16-1.552 8.070-3.97 11.416-7.312 0.002-0.004 0.006-0.006 0.010-0.010l310.648-310.65 310.648 310.65c0.004 0.002 0.008 0.006 0.012 0.008 3.348 3.344 7.254 5.762 11.414 7.314 11.378 4.246 24.684 1.826 33.828-7.322l146.746-146.748c9.148-9.148 11.57-22.454 7.324-33.83-1.552-4.16-3.97-8.068-7.314-11.414z"
        ],
        "tags": [
          "cross",
          "cancel",
          "close",
          "quit",
          "remove"
        ],
        "defaultCode": 59919,
        "grid": 16,
        "attrs": []
      },
      "attrs": [],
      "properties": {
        "ligatures": "cross, cancel",
        "name": "cancel",
        "order": 19,
        "id": 272,
        "prevSize": 32,
        "code": 59919
      },
      "setIdx": 2,
      "setId": 1,
      "iconIdx": 271
    },
    {
      "icon": {
        "paths": [
          "M864 128l-480 480-224-224-160 160 384 384 640-640z"
        ],
        "tags": [
          "checkmark",
          "tick",
          "correct",
          "accept",
          "ok"
        ],
        "defaultCode": 59920,
        "grid": 16,
        "attrs": []
      },
      "attrs": [],
      "properties": {
        "ligatures": "checkmark, tick",
        "name": "check",
        "order": 18,
        "id": 273,
        "prevSize": 32,
        "code": 59920
      },
      "setIdx": 2,
      "setId": 1,
      "iconIdx": 272
    },
    {
      "icon": {
        "paths": [
          "M832 256l192-192-64-64-192 192h-448v-192h-128v192h-192v128h192v512h512v192h128v-192h192v-128h-192v-448zM320 320h320l-320 320v-320zM384 704l320-320v320h-320z"
        ],
        "tags": [
          "crop",
          "resize",
          "cut"
        ],
        "defaultCode": 59991,
        "grid": 16,
        "attrs": []
      },
      "attrs": [],
      "properties": {
        "ligatures": "crop, resize",
        "name": "crop",
        "order": 16,
        "id": 344,
        "prevSize": 32,
        "code": 59991
      },
      "setIdx": 2,
      "setId": 1,
      "iconIdx": 343
    },
    {
      "icon": {
        "paths": [
          "M826 284c150 150 150 392 0 542-74 76-174 112-272 112-64 0-126-16-184-48l64-62c38 18 78 26 120 26 76 0 154-30 212-88 116-116 116-306 0-422-58-58-136-88-212-88v138l-180-180 180-182v138c98 0 198 38 272 114zM158 550l156 156 156-156-156-156zM314 274l276 276-276 276-278-276z"
        ],
        "attrs": [
          {}
        ],
        "isMulticolor": false,
        "isMulticolor2": false,
        "tags": [
          "rotate_90_degrees_ccw"
        ],
        "grid": 24
      },
      "attrs": [
        {}
      ],
      "properties": {
        "order": 1,
        "id": 1,
        "prevSize": 32,
        "code": 59650,
        "name": "rotate"
      },
      "setIdx": 1,
      "setId": 2,
      "iconIdx": 0
    },
    {
      "icon": {
        "paths": [
          "M746 512c36 0 64-28 64-64s-28-64-64-64-64 28-64 64 28 64 64 64zM618 342c36 0 64-28 64-64s-28-64-64-64-64 28-64 64 28 64 64 64zM406 342c36 0 64-28 64-64s-28-64-64-64-64 28-64 64 28 64 64 64zM278 512c36 0 64-28 64-64s-28-64-64-64-64 28-64 64 28 64 64 64zM512 128c212 0 384 154 384 342 0 118-96 212-214 212h-74c-36 0-64 28-64 64 0 16 6 30 16 42s16 28 16 44c0 36-28 64-64 64-212 0-384-172-384-384s172-384 384-384z"
        ],
        "attrs": [
          {}
        ],
        "isMulticolor": false,
        "isMulticolor2": false,
        "tags": [
          "palette"
        ],
        "grid": 24
      },
      "attrs": [
        {}
      ],
      "properties": {
        "order": 1,
        "id": 0,
        "prevSize": 32,
        "code": 59648,
        "name": "palette"
      },
      "setIdx": 1,
      "setId": 2,
      "iconIdx": 1
    }
  ],
  "height": 1024,
  "metadata": {
    "name": "icomoon"
  },
  "preferences": {
    "showGlyphs": true,
    "showQuickUse": true,
    "showQuickUse2": true,
    "showSVGs": true,
    "fontPref": {
      "prefix": "icon-",
      "metadata": {
        "fontFamily": "icomoon"
      },
      "metrics": {
        "emSize": 1024,
        "baseline": 6.25,
        "whitespace": 50
      },
      "embed": false
    },
    "imagePref": {
      "prefix": "icon-",
      "png": true,
      "useClassSelector": true,
      "color": 0,
      "bgColor": 16777215,
      "classSelector": ".icon"
    },
    "historySize": 50,
    "showCodes": true,
    "gridSize": 16
  }
}